-- Inserts para todas as tabelas
-- Tabela alarm
INSERT INTO alarm (
        id,
        model,
        status,
        ip_address,
        mac_address,
        account,
        serial_number,
        port
    )
VALUES -- ('a1b2c3d4-e5f6-4789-a012-3456789abcde', 'Modelo-X1', 'Online', '192.168.1.10', '00:1B:44:11:3A:B7', 'Conta-001', 'SN-001', 5000),
    (
        'b2c3d4e5-f6a7-4890-b123-456789abcdef',
        'Modelo-Y2',
        'Offline',
        '192.168.1.11',
        '00:1B:44:11:3A:B8',
        'Conta-002',
        'SN-002',
        5001
    ),
    (
        'c3d4e5f6-a7b8-4901-c234-56789abcdef0',
        'Modelo-Z3',
        'Online',
        '192.168.1.12',
        '00:1B:44:11:3A:B9',
        'Conta-003',
        'SN-003',
        5002
    );
-- Tabela organization
INSERT INTO organization (
        id,
        alarm_id,
        full_name,
        cep,
        state,
        city,
        neighborhood,
        street,
        organization_number
    )
VALUES (
        'd4e5f6a7-b8c9-4012-d345-6789abcdef01',
        'a1b2c3d4-e5f6-4789-a012-3456789abcde',
        'Casa de Repouso Esperança',
        '12345-678',
        'SP',
        'São Paulo',
        'Vila Mariana',
        'Rua das Flores',
        '123'
    ),
    (
        'e5f6a7b8-c9d0-4123-e456-789abcdef012',
        'b2c3d4e5-f6a7-4890-b123-456789abcdef',
        'Lar dos Idosos São José',
        '23456-789',
        'RJ',
        'Rio de Janeiro',
        'Copacabana',
        'Avenida Atlântica',
        '456'
    ),
    (
        'f6a7b8c9-d0e1-4234-f567-89abcdef0123',
        'c3d4e5f6-a7b8-4901-c234-56789abcdef0',
        'Centro de Cuidados Vida Plena',
        '34567-890',
        'MG',
        'Belo Horizonte',
        'Savassi',
        'Rua da Paz',
        '789'
    );
-- Tabela caregiver
INSERT INTO caregiver (
        id,
        organization_id,
        full_name,
        active,
        phone,
        email,
        cpf,
        token,
        last_used_token
    )
VALUES (
        '11111111-2222-4333-a444-555666777888',
        'd4e5f6a7-b8c9-4012-d345-6789abcdef01',
        'Maria Santos',
        true,
        '11987654321',
        'maria.santos@email.com',
        '29069501066',
        'A1B2C3D4',
        null
    ),
    (
        '22222222-3333-4444-b555-666777888999',
        'e5f6a7b8-c9d0-4123-e456-789abcdef012',
        'Carlos Oliveira',
        true,
        '21987654321',
        'carlos.oliveira@email.com',
        '76734514099',
        'B2C3D4E5',
        null
    ),
    (
        '33333333-4444-5555-c666-777888999000',
        'f6a7b8c9-d0e1-4234-f567-89abcdef0123',
        'Ana Lima',
        true,
        '31987654321',
        'ana.lima@email.com',
        '87999557099',
        'C3D4E5F6',
        null
    ),
    (
        '44444444-5555-6666-d777-888999000111',
        'd4e5f6a7-b8c9-4012-d345-6789abcdef01',
        'Roberto Silva',
        true,
        '11976543210',
        'roberto.silva@email.com',
        '38212980065',
        'D4E5F6A7',
        null
    );
-- Tabela caregiver_password
INSERT INTO caregiver_password (
        id,
        caregiver_id,
        caregiver_password,
        created_at,
        active,
        staging,
        verification_code,
        code_valid_until
    )
VALUES (
        'aaaa1111-bbbb-4ccc-dddd-eeeefffff000',
        '11111111-2222-4333-a444-555666777888',
        '$2a$10$o3HzxYomdPCzyqfv0YpBd.fphmecGQ4qx28JDd.wGEgPAxxxRf3yq',
        '2025-01-01 10:00:00+00',
        true,
        false,
        'VERIFY123',
        '2025-01-02 10:00:00+00'
    ),
    (
        'bbbb2222-cccc-4ddd-eeee-fffff0000111',
        '22222222-3333-4444-b555-666777888999',
        '$2a$10$N9qo8uLOickgx2ZMRZoMye.TjKd3QsYsJYWbSSVGJjj4a4gJ5OsW6',
        '2025-01-01 11:00:00+00',
        true,
        false,
        'VERIFY456',
        '2025-01-02 11:00:00+00'
    ),
    (
        'cccc3333-dddd-4eee-ffff-000011112222',
        '33333333-4444-5555-c666-777888999000',
        '$2a$10$N9qo8uLOickgx2ZMRZoMye.TjKd3QsYsJYWbSSVGJjj4a4gJ5OsW6',
        '2025-01-01 12:00:00+00',
        true,
        false,
        'VERIFY789',
        '2025-01-02 12:00:00+00'
    ),
    (
        'dddd4444-eeee-4fff-0000-111122223333',
        '44444444-5555-6666-d777-888999000111',
        '$2a$10$N9qo8uLOickgx2ZMRZoMye.TjKd3QsYsJYWbSSVGJjj4a4gJ5OsW6',
        '2025-01-01 13:00:00+00',
        true,
        false,
        'VERIFY012',
        '2025-01-02 13:00:00+00'
    );
-- Tabela resident
INSERT INTO resident (
        id,
        full_name,
        cpf,
        sex,
        birth_date,
        created_at,
        updated_at,
        residential_unit,
        image_data,
        active
    )
VALUES (
        '89ac8c08-e80b-4b68-b87e-e6aa6fcf60d7',
        'José Silva',
        '72532015071',
        'M',
        '1950-07-15 00:00:00+00',
        '2025-05-01 10:00:00+00',
        '2025-05-01 10:30:00+00',
        'A1',
        'output-files/resident-image/89ac8c08-e80b-4b68-b87e-e6aa6fcf60d7.png',
        true
    ),
    (
        '416f4967-89b1-49f8-a8d3-134c6e63cf5b',
        'Maria Costa',
        '33326101040',
        'F',
        '1945-11-20 00:00:00+00',
        '2025-05-01 11:00:00+00',
        '2025-05-01 11:30:00+00',
        'B2',
        'output-files/resident-image/416f4967-89b1-49f8-a8d3-134c6e63cf5b.png',
        true
    ),
    (
        '04d1f1c0-3022-4e53-9f34-d0136c89c9ed',
        'Francisco Gomes',
        '67685265028',
        'M',
        '1955-03-10 00:00:00+00',
        '2025-05-01 12:00:00+00',
        '2025-05-01 12:30:00+00',
        'C3',
        'output-files/resident-image/04d1f1c0-3022-4e53-9f34-d0136c89c9ed.png',
        true
    ),
    (
        '55555555-6666-4777-8888-999000111222',
        'Teresa Fernandes',
        '27059153039',
        'F',
        '1948-12-05 00:00:00+00',
        '2025-05-01 13:00:00+00',
        '2025-05-01 13:30:00+00',
        'D4',
        'output-files/resident-image/55555555-6666-4777-8888-999000111222.png',
        true
    ),
    (
        '66666666-7777-4888-9999-000111222333',
        'Antônio Almeida',
        '83619111030',
        'M',
        '1952-08-25 00:00:00+00',
        '2025-05-01 14:00:00+00',
        '2025-05-01 14:30:00+00',
        'E5',
        'output-files/resident-image/66666666-7777-4888-9999-000111222333.png',
        true
    ),
    (
        '99999999-7777-4888-9999-000111222333',
        'Ana Maria',
        '12973652081',
        'M',
        '1952-08-25 00:00:00+00',
        '2025-05-01 14:00:00+00',
        '2025-05-01 14:30:00+00',
        'E3',
        'output-files/resident-image/99999999-7777-4888-9999-000111222333.png',
        true
    ),
    (
        '99998888-7777-4888-9999-000111222333',
        'Carlos Maciel',
        '44442559007',
        'M',
        '1952-08-25 00:00:00+00',
        '2025-05-01 14:00:00+00',
        '2025-05-01 14:30:00+00',
        'E7',
        'output-files/resident-image/99998888-7777-4888-9999-000111222333.png',
        true
    );
-- Tabela resident_emergency_contact
INSERT INTO resident_emergency_contact (id, resident_id, full_name, phone, relationship)
VALUES (
        'eee11111-fff2-4222-3333-444455556666',
        '89ac8c08-e80b-4b68-b87e-e6aa6fcf60d7',
        'Maria Silva',
        '11987651234',
        'Filha'
    ),
    (
        'aaa33333-bbb4-4444-5555-666677778888',
        '416f4967-89b1-49f8-a8d3-134c6e63cf5b',
        'Carlos Costa',
        '21987651236',
        'Sobrinho'
    ),
    (
        'bbb44444-ccc5-4555-6666-777788889999',
        '04d1f1c0-3022-4e53-9f34-d0136c89c9ed',
        'Ana Gomes',
        '31987651237',
        'Neta'
    ),
    (
        'ccc55555-ddd6-4666-7777-888899990000',
        '55555555-6666-4777-8888-999000111222',
        'Roberto Fernandes',
        '11987651238',
        'Neto'
    ),
    (
        'ddd66666-eee7-4777-8888-999900001111',
        '66666666-7777-4888-9999-000111222333',
        'Sandra Almeida',
        '21987651239',
        'Filha'
    ),
    (
        'abb74e31-2199-4b28-aeb7-6a6953ed6a02',
        '99999999-7777-4888-9999-000111222333',
        'João Maria',
        '11999998888',
        'Filho'
    ),
    (
        '7420b1a3-aa17-4396-8c17-22dadf466ac6',
        '99998888-7777-4888-9999-000111222333',
        'Paula Maciel',
        '21988887777',
        'Irmã'
    );
-- Tabela control_resident
INSERT INTO control_resident (id, control_id, alarm_id, resident_id)
VALUES (
        '77777777-8888-4999-0000-111122223333',
        1,
        'a1b2c3d4-e5f6-4789-a012-3456789abcde',
        '89ac8c08-e80b-4b68-b87e-e6aa6fcf60d7'
    ),
    (
        '88888888-9999-4000-1111-222233334444',
        2,
        'a1b2c3d4-e5f6-4789-a012-3456789abcde',
        '416f4967-89b1-49f8-a8d3-134c6e63cf5b'
    ),
    (
        '99999999-0000-4111-2222-333344445555',
        5,
        'b2c3d4e5-f6a7-4890-b123-456789abcdef',
        '04d1f1c0-3022-4e53-9f34-d0136c89c9ed'
    ),
    (
        '00000000-1111-4222-3333-444455556666',
        3,
        'c3d4e5f6-a7b8-4901-c234-56789abcdef0',
        '55555555-6666-4777-8888-999000111222'
    ),
    (
        '11111111-2222-4333-4444-555566667777',
        4,
        'c3d4e5f6-a7b8-4901-c234-56789abcdef0',
        '66666666-7777-4888-9999-000111222333'
    ),
    (
        '22222222-3333-4444-5555-666677778888',
        6,
        'b2c3d4e5-f6a7-4890-b123-456789abcdef',
        '99999999-7777-4888-9999-000111222333'
    ),
    (
        '33333333-4444-5555-6666-777788889999',
        7,
        'a1b2c3d4-e5f6-4789-a012-3456789abcde',
        '99998888-7777-4888-9999-000111222333'
    );
-- Tabela assist
INSERT INTO assist (
        id,
        caregiver_id,
        resident_id,
        called_at,
        assignment_at,
        end_at,
        detail,
        severity_level
    )
VALUES (
        '12345678-1111-4222-3333-444455556666',
        '11111111-2222-4333-a444-555666777888',
        '89ac8c08-e80b-4b68-b87e-e6aa6fcf60d7',
        '2025-10-01 09:00:00+00',
        '2025-10-01 09:05:00+00',
        '2025-10-01 09:30:00+00',
        'Assistência com medicação matinal',
        'warning'
    ),
    (
        '23456789-2222-4333-4444-555566667777',
        '22222222-3333-4444-b555-666777888999',
        '416f4967-89b1-49f8-a8d3-134c6e63cf5b',
        '2025-10-01 14:00:00+00',
        '2025-10-01 14:02:00+00',
        '2025-10-01 14:45:00+00',
        'Queda no banheiro - assistência médica',
        'emergency'
    ),
    (
        '34567890-3333-4444-5555-666677778888',
        '33333333-4444-5555-c666-777888999000',
        '04d1f1c0-3022-4e53-9f34-d0136c89c9ed',
        '2025-10-01 20:00:00+00',
        '2025-10-01 20:03:00+00',
        '2025-10-01 20:15:00+00',
        'Auxílio para ir ao banheiro',
        'warning'
    ),
    (
        '45678901-4444-5555-6666-777788889999',
        '11111111-2222-4333-a444-555666777888',
        '55555555-6666-4777-8888-999000111222',
        '2025-10-01 08:30:00+00',
        '2025-10-01 08:32:00+00',
        '2025-10-01 08:33:00+00',
        'Mal estar súbito - em atendimento',
        'emergency'
    ),
    (
        '56789012-5555-6666-7777-888899990000',
        '11111111-2222-4333-a444-555666777888',
        '66666666-7777-4888-9999-000111222333',
        '2025-10-01 16:45:00+00',
        '2025-10-01 16:46:00+00',
        '2025-10-01 16:47:00+00',
        'Chamado de emergência - aguardando cuidador',
        'emergency'
    ),
    (
        '67890123-6666-7777-8888-999900001111',
        '11111111-2222-4333-a444-555666777888',
        '99998888-7777-4888-9999-000111222333',
        '2025-10-01 10:00:00+00',
        '2025-10-01 10:05:00+00',
        '2025-10-01 10:06:00+00',
        '2025-10-01 10:07:10+00',
        'warning'
    ),
    (
        '78901234-7777-8888-9999-000011112222',
        '11111111-2222-4333-a444-555666777888',
        '99999999-7777-4888-9999-000111222333',
        '2025-10-01 11:00:00+00',
        '2025-10-01 11:10:00+00',
        '2025-10-01 20:15:00+00',
        'Auxílio para ir ao banheiro',
        'warning'
    ),
    (
        'a1b2c3d4-0001-0001-0001-000000000001',
        '22222222-3333-4444-b555-666777888999',
        '66666666-7777-4888-9999-000111222333',
        '2025-03-08 08:00:00+00',
        '2025-03-08 08:05:00+00',
        '2025-03-08 08:30:00+00',
        'Troca de curativo',
        'warning'
    ),
    (
        'a1b2c3d4-0002-0002-0002-000000000002',
        '33333333-4444-5555-c666-777888999000',
        '55555555-6666-4777-8888-999000111222',
        '2025-03-09 09:00:00+00',
        '2025-03-09 09:10:00+00',
        '2025-03-09 09:40:00+00',
        'Acompanhamento para fisioterapia',
        'warning'
    ),
    (
        'a1b2c3d4-0003-0003-0003-000000000003',
        '44444444-5555-6666-d777-888999000111',
        '04d1f1c0-3022-4e53-9f34-d0136c89c9ed',
        '2025-03-10 10:00:00+00',
        '2025-03-10 10:05:00+00',
        '2025-03-10 10:25:00+00',
        'Ajuda para alimentação',
        'warning'
    ),
    (
        'a1b2c3d4-0004-0004-0004-000000000004',
        '11111111-2222-4333-a444-555666777888',
        '416f4967-89b1-49f8-a8d3-134c6e63cf5b',
        '2025-03-11 11:00:00+00',
        '2025-03-11 11:05:00+00',
        '2025-03-11 11:20:00+00',
        'Acompanhamento para banho',
        'warning'
    ),
    (
        'a1b2c3d4-0005-0005-0005-000000000005',
        '22222222-3333-4444-b555-666777888999',
        '89ac8c08-e80b-4b68-b87e-e6aa6fcf60d7',
        '2025-03-12 12:00:00+00',
        '2025-03-12 12:10:00+00',
        '2025-03-12 12:40:00+00',
        'Verificação de sinais vitais',
        'warning'
    ),
    (
        'a1b2c3d4-0006-0006-0006-000000000006',
        '33333333-4444-5555-c666-777888999000',
        '99999999-7777-4888-9999-000111222333',
        '2025-03-13 13:00:00+00',
        '2025-03-13 13:05:00+00',
        '2025-03-13 13:35:00+00',
        'Aplicação de insulina',
        'emergency'
    ),
    (
        'a1b2c3d4-0007-0007-0007-000000000007',
        '44444444-5555-6666-d777-888999000111',
        '99998888-7777-4888-9999-000111222333',
        '2025-03-14 14:00:00+00',
        '2025-03-14 14:10:00+00',
        '2025-03-14 14:40:00+00',
        'Queda da cama',
        'emergency'
    ),
    (
        'a1b2c3d4-0008-0008-0008-000000000008',
        '11111111-2222-4333-a444-555666777888',
        '04d1f1c0-3022-4e53-9f34-d0136c89c9ed',
        '2025-03-15 15:00:00+00',
        '2025-03-15 15:05:00+00',
        '2025-03-15 15:25:00+00',
        'Ajuda para caminhar',
        'warning'
    ),
    (
        'a1b2c3d4-0009-0009-0009-000000000009',
        '22222222-3333-4444-b555-666777888999',
        '55555555-6666-4777-8888-999000111222',
        '2025-03-16 16:00:00+00',
        '2025-03-16 16:10:00+00',
        '2025-03-16 16:30:00+00',
        'Troca de roupa',
        'warning'
    ),
    (
        'a1b2c3d4-0010-0010-0010-000000000010',
        '33333333-4444-5555-c666-777888999000',
        '66666666-7777-4888-9999-000111222333',
        '2025-03-17 17:00:00+00',
        '2025-03-17 17:05:00+00',
        '2025-03-17 17:25:00+00',
        'Acompanhamento para consulta',
        'warning'
    ),
    (
        'a1b2c3d4-0011-0011-0011-000000000011',
        '44444444-5555-6666-d777-888999000111',
        '416f4967-89b1-49f8-a8d3-134c6e63cf5b',
        '2025-03-18 18:00:00+00',
        '2025-03-18 18:10:00+00',
        '2025-03-18 18:40:00+00',
        'Verificação de pressão arterial',
        'warning'
    ),
    (
        'a1b2c3d4-0012-0012-0012-000000000012',
        '11111111-2222-4333-a444-555666777888',
        '99998888-7777-4888-9999-000111222333',
        '2025-03-19 19:00:00+00',
        '2025-03-19 19:05:00+00',
        '2025-03-19 19:25:00+00',
        'Administração de medicamento',
        'warning'
    ),
    (
        'a1b2c3d4-0013-0013-0013-000000000013',
        '22222222-3333-4444-b555-666777888999',
        '04d1f1c0-3022-4e53-9f34-d0136c89c9ed',
        '2025-03-20 20:00:00+00',
        '2025-03-20 20:10:00+00',
        '2025-03-20 20:40:00+00',
        'Ajuda para deitar',
        'warning'
    ),
    (
        'a1b2c3d4-0014-0014-0014-000000000014',
        '33333333-4444-5555-c666-777888999000',
        '89ac8c08-e80b-4b68-b87e-e6aa6fcf60d7',
        '2025-03-21 21:00:00+00',
        '2025-03-21 21:05:00+00',
        '2025-03-21 21:25:00+00',
        'Acompanhamento noturno',
        'warning'
    ),
    (
        'a1b2c3d4-0015-0015-0015-000000000015',
        '44444444-5555-6666-d777-888999000111',
        '99999999-7777-4888-9999-000111222333',
        '2025-03-22 22:00:00+00',
        '2025-03-22 22:10:00+00',
        '2025-03-22 22:40:00+00',
        'Verificação de glicemia',
        'warning'
    ),
    (
        'a1b2c3d4-0016-0016-0016-000000000016',
        '11111111-2222-4333-a444-555666777888',
        '55555555-6666-4777-8888-999000111222',
        '2025-03-23 23:00:00+00',
        '2025-03-23 23:05:00+00',
        '2025-03-23 23:25:00+00',
        'Ajuda para levantar',
        'warning'
    ),
    (
        'a1b2c3d4-0017-0017-0017-000000000017',
        '22222222-3333-4444-b555-666777888999',
        '99998888-7777-4888-9999-000111222333',
        '2025-03-24 00:00:00+00',
        '2025-03-24 00:10:00+00',
        '2025-03-24 00:40:00+00',
        'Queda no banheiro',
        'emergency'
    ),
    (
        'a1b2c3d4-0018-0018-0018-000000000018',
        '33333333-4444-5555-c666-777888999000',
        '416f4967-89b1-49f8-a8d3-134c6e63cf5b',
        '2025-03-25 01:00:00+00',
        '2025-03-25 01:05:00+00',
        '2025-03-25 01:25:00+00',
        'Acompanhamento para exames',
        'warning'
    ),
    (
        'a1b2c3d4-0019-0019-0019-000000000019',
        '44444444-5555-6666-d777-888999000111',
        '66666666-7777-4888-9999-000111222333',
        '2025-03-26 02:00:00+00',
        '2025-03-26 02:10:00+00',
        '2025-03-26 02:40:00+00',
        'Verificação de temperatura',
        'warning'
    ),
    (
        'a1b2c3d4-0020-0020-0020-000000000020',
        '11111111-2222-4333-a444-555666777888',
        '04d1f1c0-3022-4e53-9f34-d0136c89c9ed',
        '2025-03-27 03:00:00+00',
        '2025-03-27 03:05:00+00',
        '2025-03-27 03:25:00+00',
        'Ajuda para tomar água',
        'warning'
    );